name,age,height,married
강백호,26,187.227096,true
고민구,19,163.726798,false
변덕규,18,170.814579,false
서태웅,32,166.533695,false
송태섭,31,183.976149,false
신준섭,25,183.448597,true
신현철,20,176.238556,true
안영수,34.5,172.316320,false
윤대협,26,181.511307,true
이명헌,26,163.819565,true
이정환,18,182.085102,false
전호장,34,173.985364,false
정대만,28,177.236692,false
정성구,21,176.897460,참
정우성,31,185.205862,true
채치수,32,174.950639,true
최동오,33,173.569685,false
허태환,28,173.533268,true
홍익현,25,165.440224,true
황태산,31,163.880922,true